Store,StoreType,Assortment,CompetitionDistance,Total_Sales,Avg_Daily_Sales,Avg_Customers,Days_With_Promo,N_Days
1,c,a,1270.0,3716854,4759.0,564.0,350,781
2,a,a,570.0,3883858,4954.0,584.0,354,784
3,a,a,14130.0,5408261,6943.0,750.0,350,779
4,c,c,620.0,7556507,9638.0,1322.0,353,784
5,a,a,29910.0,3642818,4676.0,537.0,351,779
6,a,a,310.0,4297758,5510.0,635.0,352,780
7,a,c,24000.0,6930202,8817.0,949.0,354,786
8,a,a,7520.0,4342857,5539.0,658.0,353,784
9,a,c,2030.0,5112061,6562.0,580.0,350,779
10,a,a,3160.0,4365642,5568.0,594.0,353,784
11,a,c,960.0,6296286,8031.0,1130.0,353,784
12,a,c,1070.0,5950245,7590.0,897.0,353,784
13,d,a,310.0,3126578,5035.0,383.0,274,621
14,a,a,1300.0,4291174,5509.0,631.0,350,779
15,d,c,4110.0,5231510,6673.0,663.0,353,784
16,a,c,3270.0,5967891,7681.0,852.0,348,777
17,a,a,50.0,4954488,6336.0,792.0,353,782
18,d,c,13840.0,5130137,6560.0,713.0,353,782
19,a,c,3240.0,5036169,6465.0,625.0,350,779
20,d,a,2340.0,4801543,7757.0,849.0,271,619
21,c,c,550.0,4259763,5482.0,516.0,348,777
22,a,a,1040.0,2801506,4526.0,504.0,273,619
23,d,a,4060.0,4300299,5520.0,482.0,350,779
24,a,c,4590.0,7313475,9388.0,835.0,350,779
25,c,a,430.0,8376557,11169.0,1570.0,338,750
26,d,a,2300.0,5217266,6672.0,556.0,353,782
27,a,a,60.0,7383809,9479.0,1075.0,350,779
28,a,a,1200.0,4080950,5314.0,584.0,346,768
29,d,c,2170.0,5737160,7365.0,654.0,350,779
30,a,a,40.0,4114046,5295.0,777.0,348,777
31,d,c,9800.0,4596143,5862.0,586.0,353,784
32,a,a,2910.0,2526117,4068.0,477.0,274,621
33,a,c,1320.0,6572158,8437.0,836.0,350,779
34,c,a,2240.0,6296685,8031.0,993.0,353,784
35,d,c,7660.0,7558693,9703.0,730.0,350,779
36,a,c,540.0,5824183,9364.0,1090.0,274,622
37,c,a,4230.0,5549053,7114.0,781.0,351,780
38,d,a,1090.0,4677617,6005.0,535.0,350,779
39,a,a,260.0,3780153,4853.0,630.0,350,779
40,a,a,180.0,3804215,4902.0,664.0,348,776
41,d,c,1180.0,3318407,5335.0,398.0,274,622
42,a,c,290.0,7928768,10178.0,1100.0,350,779
43,d,a,4880.0,5315050,6823.0,610.0,350,779
44,a,a,540.0,4295144,5478.0,640.0,353,784
45,d,a,9710.0,4166458,5348.0,415.0,350,779
46,c,a,1200.0,3329125,5352.0,661.0,274,622
47,a,c,270.0,5601760,7145.0,921.0,353,784
48,a,a,1060.0,3085014,3935.0,429.0,353,784
49,d,c,18010.0,5675296,7304.0,532.0,348,777
50,d,a,6260.0,3315479,4256.0,359.0,350,779
51,a,c,10570.0,4152028,6675.0,497.0,274,622
52,d,c,450.0,4607742,7408.0,503.0,274,622
53,a,c,30360.0,4127609,5265.0,567.0,353,784
54,d,c,7170.0,6207418,7908.0,730.0,354,785
55,a,a,720.0,3587212,4599.0,559.0,352,780
56,d,c,6620.0,5718290,7322.0,507.0,350,781
57,d,c,420.0,8155633,10606.0,990.0,347,769
58,a,c,7340.0,3947427,6336.0,513.0,275,623
59,a,c,2840.0,4302026,5501.0,564.0,353,782
60,d,c,5540.0,6265808,8033.0,713.0,352,780
61,a,c,350.0,3668998,4722.0,572.0,348,777
62,a,a,2050.0,5066512,6504.0,718.0,350,779
63,c,c,3700.0,5453808,6956.0,639.0,353,784
64,d,c,22560.0,8070070,10360.0,793.0,350,779
65,a,c,13840.0,3988058,5113.0,456.0,351,780
66,d,a,7660.0,4750858,6114.0,524.0,348,777
67,a,c,410.0,6083079,7829.0,798.0,348,777
68,a,c,250.0,5929590,7563.0,1152.0,353,784
69,c,c,1130.0,7362059,9426.0,1184.0,350,781
70,c,c,4840.0,5167478,6608.0,679.0,351,782
71,a,a,17500.0,7058595,9061.0,747.0,350,779
72,a,a,2200.0,2753676,4420.0,475.0,275,623
73,a,c,1650.0,3588351,4577.0,494.0,353,784
74,a,a,330.0,4855145,6257.0,854.0,348,776
75,d,c,22440.0,4722388,6023.0,642.0,353,784
76,d,c,19960.0,5606718,9000.0,928.0,275,623
77,d,c,1090.0,5952383,7621.0,663.0,350,781
78,a,a,3510.0,2899629,3717.0,495.0,351,780
79,a,a,3320.0,4253485,5474.0,560.0,348,777
80,d,a,7910.0,5933077,7616.0,578.0,350,779
81,a,a,2370.0,4345098,6986.0,561.0,274,622
82,a,a,22390.0,7026310,9020.0,839.0,350,779
83,a,a,2710.0,3028523,3888.0,346.0,350,779
84,a,c,11810.0,10092722,12956.0,1392.0,350,779
85,b,a,1870.0,6850652,7272.0,1015.0,360,942
86,a,a,480.0,3652727,4695.0,605.0,349,778
87,a,a,560.0,4598287,5865.0,737.0,353,784
88,a,a,10690.0,4699058,6024.0,613.0,351,780
89,a,a,2380.0,3714173,5971.0,624.0,274,622
90,a,a,330.0,6548246,8417.0,1057.0,350,778
91,c,a,2410.0,4324904,5559.0,614.0,349,778
92,c,a,240.0,4671417,5997.0,547.0,350,779
93,a,a,16690.0,4646872,5965.0,604.0,350,779
94,d,c,14620.0,5547371,7121.0,640.0,350,779
95,a,a,1890.0,5958064,7639.0,844.0,352,780
96,a,a,8780.0,4037973,5177.0,543.0,352,780
97,d,c,8980.0,5228649,6703.0,689.0,352,780
98,d,c,15140.0,3980584,5110.0,452.0,350,779
99,c,c,2030.0,3191184,5131.0,466.0,274,622
100,d,a,17930.0,4826434,7964.0,686.0,265,606
101,d,c,2440.0,5856384,7470.0,777.0,353,784
102,a,a,150.0,5444156,7080.0,1052.0,345,769
103,d,c,5210.0,2959073,4689.0,422.0,281,631
104,a,a,390.0,7939205,10127.0,1312.0,353,784
105,a,c,6190.0,3348791,4441.0,515.0,338,754
106,a,a,1390.0,6718335,8669.0,826.0,351,775
107,a,a,1930.0,5751886,7337.0,955.0,353,784
108,d,c,2190.0,6863994,11035.0,849.0,274,622
109,a,c,3300.0,5068030,6464.0,742.0,353,784
110,a,c,46590.0,3554993,4534.0,587.0,353,784
111,d,c,7890.0,5288733,6772.0,598.0,350,781
112,a,a,1630.0,4883888,6229.0,776.0,353,784
113,d,c,20930.0,4477826,7199.0,699.0,274,622
114,c,a,4510.0,4191703,5347.0,608.0,354,784
115,d,c,5740.0,4585191,7372.0,552.0,274,622
116,a,a,680.0,5711629,7295.0,758.0,353,783
117,a,a,3450.0,3024044,3882.0,492.0,350,779
118,d,c,3580.0,6085216,7782.0,676.0,352,782
119,a,c,2100.0,4707987,6005.0,665.0,353,784
120,d,a,2290.0,5552990,7110.0,638.0,350,781
121,a,a,3570.0,3473474,4453.0,504.0,352,780
122,a,c,58260.0,5718883,6462.0,794.0,354,885
123,a,a,16760.0,6450589,8399.0,960.0,346,768
124,a,a,1410.0,3446410,4424.0,526.0,350,779
125,a,a,760.0,9280089,11837.0,1574.0,353,784
126,d,a,3370.0,5069540,6508.0,544.0,350,779
127,d,a,1350.0,3263370,5238.0,660.0,275,623
128,d,c,2000.0,5822099,7455.0,595.0,350,781
129,a,a,2460.0,5727451,9208.0,1165.0,274,622
130,c,a,900.0,3999550,5121.0,574.0,350,781
131,c,a,920.0,4109540,5275.0,559.0,350,779
132,d,c,1040.0,3908185,6283.0,582.0,274,622
133,a,a,270.0,5057788,6468.0,759.0,353,782
134,a,a,1200.0,3705099,4726.0,495.0,353,784
135,d,a,5190.0,4648837,5952.0,540.0,350,781
136,a,c,2200.0,3414045,5489.0,424.0,274,622
137,a,a,1730.0,5147039,8275.0,957.0,274,622
138,a,c,25360.0,5721236,7335.0,714.0,352,780
139,a,a,1700.0,4020701,6464.0,514.0,274,622
140,a,c,1090.0,5833328,7469.0,964.0,350,781
141,c,c,1540.0,4305156,5541.0,612.0,348,777
142,a,a,1090.0,3586489,4604.0,569.0,350,779
143,d,a,2930.0,4919195,6315.0,582.0,350,779
144,a,c,16570.0,4823879,7718.0,729.0,274,625
145,a,a,280.0,5072096,8342.0,1268.0,269,608
146,d,c,8050.0,6086195,7813.0,702.0,350,779
147,d,c,8540.0,6397583,8213.0,880.0,350,779
148,a,a,2090.0,6772949,8639.0,819.0,353,784
149,d,a,2610.0,3462975,5567.0,486.0,274,622
150,c,c,31830.0,6599117,8417.0,820.0,353,784
151,d,c,4360.0,5269496,6756.0,652.0,351,780
152,a,a,1780.0,4317171,5542.0,621.0,350,779
153,a,a,16240.0,5505047,7067.0,634.0,350,779
154,d,c,16420.0,6824045,8738.0,737.0,350,781
155,d,a,3050.0,4290509,6887.0,660.0,275,623
156,a,a,2020.0,5443980,6962.0,713.0,353,782
157,a,c,2950.0,7574054,9723.0,990.0,350,779
158,d,c,11840.0,6354198,8157.0,520.0,350,779
159,d,a,8530.0,4827383,7749.0,696.0,275,623
160,d,c,17110.0,4475644,5731.0,559.0,350,781
161,a,c,2970.0,5649774,7253.0,819.0,350,779
162,d,c,5340.0,6066911,7768.0,556.0,350,781
163,a,a,1480.0,5722186,7299.0,871.0,353,784
164,a,a,1160.0,3868966,6210.0,633.0,275,623
165,a,a,3720.0,2486031,3997.0,423.0,274,622
166,a,c,100.0,4533193,5819.0,817.0,350,779
167,a,a,140.0,7250708,9296.0,1055.0,351,780
168,a,a,12540.0,5840824,7517.0,731.0,348,777
169,d,a,980.0,5529699,7219.0,688.0,343,766
170,a,a,1070.0,3902355,5009.0,544.0,350,779
171,a,a,2640.0,6566306,8429.0,867.0,350,779
172,a,a,110.0,4342600,6982.0,869.0,274,622
173,a,a,350.0,6454502,8233.0,1007.0,353,784
174,a,a,13090.0,3692528,5937.0,480.0,274,622
175,c,a,4130.0,4535086,5785.0,691.0,353,784
176,a,a,3770.0,4111700,5278.0,632.0,350,779
177,a,a,1250.0,3115395,3994.0,485.0,351,780
178,d,a,1710.0,7870142,10090.0,924.0,352,780
179,a,c,480.0,5683019,7295.0,956.0,350,779
180,d,a,5800.0,5660528,7220.0,843.0,353,784
181,a,a,12610.0,3976421,6383.0,669.0,275,623
182,d,c,1390.0,4142935,5305.0,418.0,350,781
183,a,a,9670.0,2945836,4821.0,601.0,270,611
184,d,c,3560.0,5123769,6594.0,596.0,349,777
185,d,c,1860.0,5621764,7171.0,545.0,353,784
186,a,a,290.0,2353548,3784.0,381.0,274,622
187,a,c,19360.0,4923311,6280.0,776.0,353,784
188,d,a,850.0,3884836,4987.0,438.0,350,779
189,d,a,5760.0,6826322,8763.0,837.0,350,779
190,a,a,1470.0,4477750,7199.0,656.0,274,622
191,a,a,1100.0,4253819,6839.0,714.0,274,622
192,d,c,2770.0,5608471,9017.0,645.0,274,622
193,a,a,520.0,4166302,5362.0,782.0,348,777
194,d,c,16970.0,3752516,4829.0,418.0,348,777
195,a,c,220.0,8345567,10713.0,1298.0,350,779
196,c,a,3850.0,4079175,5216.0,697.0,353,782
197,c,a,4210.0,5367788,6847.0,842.0,353,784
198,a,a,290.0,2268273,2901.0,338.0,353,782
199,d,c,6360.0,6197488,7956.0,625.0,350,779
200,a,a,1650.0,6021315,7730.0,968.0,350,779
201,d,a,20260.0,4089245,5249.0,444.0,350,779
202,d,c,5140.0,4737388,6066.0,509.0,350,781
203,c,c,490.0,5298238,6775.0,883.0,351,782
204,a,a,5630.0,3412446,5486.0,524.0,274,622
205,a,a,110.0,5124867,6537.0,879.0,353,784
206,a,c,380.0,5575733,7158.0,800.0,350,779
207,a,a,6870.0,8768418,11184.0,1300.0,353,784
208,c,a,300.0,2302052,2936.0,413.0,353,784
209,a,c,11680.0,4928424,5588.0,577.0,354,882
210,d,a,970.0,2488114,3194.0,326.0,350,779
211,a,c,350.0,10187567,12994.0,1486.0,353,784
212,a,c,15050.0,3744115,4776.0,461.0,353,784
213,d,c,4030.0,6334081,8131.0,653.0,350,779
214,d,a,8650.0,7269531,9332.0,715.0,350,779
215,d,a,150.0,3920679,6313.0,490.0,274,621
216,c,a,190.0,5607978,7227.0,888.0,348,776
217,c,a,3150.0,3685496,4701.0,643.0,353,784
218,a,c,640.0,3121555,5019.0,696.0,274,622
219,a,a,1640.0,2441162,3134.0,406.0,350,779
220,a,a,1000.0,3807392,4906.0,645.0,348,776
221,d,c,13530.0,4564321,5822.0,553.0,353,784
222,a,a,2170.0,3906246,4982.0,562.0,353,784
223,d,c,2920.0,5656109,7233.0,739.0,353,782
224,d,c,7930.0,5151315,6630.0,479.0,348,777
225,d,a,10180.0,4064054,5197.0,556.0,353,782
226,a,a,450.0,5667944,7257.0,703.0,350,781
227,a,a,2370.0,4623704,6028.0,562.0,345,767
228,d,c,10800.0,6190043,7946.0,593.0,350,779
229,d,c,17410.0,6734738,8645.0,734.0,350,779
230,d,c,6680.0,5928326,7562.0,940.0,353,784
231,d,c,3840.0,2967114,4770.0,395.0,274,622
232,c,c,13570.0,2583221,3377.0,304.0,343,765
233,a,a,1890.0,7365681,9431.0,1032.0,350,781
234,d,a,4370.0,8625334,11072.0,1025.0,350,779
235,a,a,5710.0,4635585,5935.0,501.0,350,781
236,a,a,1000.0,5581738,7120.0,865.0,353,784
237,a,a,1420.0,3556217,4536.0,575.0,353,784
238,a,a,320.0,5868876,7672.0,1103.0,343,765
239,d,c,610.0,3950473,5071.0,472.0,350,779
240,a,a,1110.0,3772636,4812.0,460.0,353,784
241,d,c,780.0,5128334,6583.0,705.0,350,779
242,d,a,6880.0,3196707,4093.0,366.0,350,781
243,a,a,310.0,4407146,7074.0,953.0,275,623
244,d,a,710.0,4106186,5271.0,540.0,350,779
245,a,c,1310.0,6949075,8898.0,1021.0,350,781
246,c,a,4660.0,5551547,7081.0,937.0,353,784
247,d,c,70.0,6698411,8577.0,684.0,350,781
248,a,c,340.0,6555942,8362.0,1113.0,353,784
249,d,c,18010.0,4144086,5286.0,538.0,353,784
250,d,a,3520.0,6615557,8471.0,658.0,350,781
251,a,c,340.0,14896870,19123.0,2450.0,350,779
252,d,c,22330.0,8269484,10616.0,810.0,350,779
253,a,c,250.0,4476698,5747.0,691.0,350,779
254,d,a,330.0,2341661,3006.0,259.0,350,779
255,c,c,4630.0,4885211,6271.0,640.0,350,779
256,a,c,80.0,7630314,9833.0,1247.0,348,776
257,a,a,420.0,4183099,5336.0,632.0,353,784
258,a,a,27190.0,3509384,5642.0,494.0,274,622
259,b,b,210.0,10851871,11656.0,2375.0,356,931
260,a,a,540.0,5143038,6560.0,911.0,353,784
261,d,c,15340.0,9828244,12616.0,949.0,350,779
262,b,a,1180.0,19516842,20719.0,3402.0,360,942
263,a,c,1140.0,2306075,3708.0,356.0,274,622
264,a,a,180.0,5512491,7234.0,954.0,343,762
265,a,a,4580.0,3859812,4955.0,503.0,350,779
266,a,c,360.0,3424011,4390.0,531.0,352,780
267,c,a,2460.0,7282702,9289.0,1125.0,353,784
268,a,a,4520.0,3826840,4881.0,598.0,353,784
269,a,c,60.0,7281084,9347.0,1231.0,350,779
270,a,a,1450.0,7284633,9292.0,1205.0,353,784
271,a,a,420.0,6116519,7842.0,792.0,352,780
272,a,a,16180.0,4871343,6237.0,630.0,350,781
273,a,c,8480.0,5499466,7060.0,704.0,350,779
274,b,b,3640.0,3794012,4071.0,993.0,358,932
275,d,a,300.0,4630070,7444.0,749.0,274,622
276,a,a,2960.0,3191132,4091.0,521.0,352,780
277,d,c,7840.0,4008491,6445.0,535.0,274,622
278,a,c,9260.0,5599459,7142.0,793.0,353,784
279,d,c,2320.0,5532919,8881.0,668.0,275,623
280,d,c,18640.0,4869839,6267.0,521.0,348,777
281,d,c,6970.0,4594724,5861.0,550.0,353,784
282,a,a,1220.0,3456330,4409.0,641.0,353,784
283,a,a,2260.0,4425007,7114.0,718.0,274,622
284,d,a,1290.0,3367042,5413.0,450.0,274,622
285,a,a,2410.0,4025996,5155.0,470.0,350,781
286,a,a,1460.0,3838772,4928.0,430.0,350,779
287,c,a,2740.0,5070793,8152.0,819.0,274,622
288,d,a,800.0,3499206,5626.0,423.0,274,622
289,d,a,6540.0,4936879,6321.0,554.0,350,781
290,a,a,4150.0,5464029,7014.0,683.0,350,779
291,d,a,2325.0,6257971,8023.0,840.0,352,780
292,a,a,1100.0,4422953,5774.0,707.0,343,766
293,c,c,140.0,4899830,6258.0,815.0,352,783
294,a,a,3150.0,4506589,5770.0,766.0,350,781
295,a,a,210.0,4106780,5285.0,671.0,348,777
296,a,a,9580.0,5438463,6963.0,755.0,350,781
297,a,a,2300.0,5432839,6992.0,720.0,348,777
298,d,a,19840.0,5223940,8399.0,691.0,274,622
299,d,c,38630.0,5499540,6235.0,683.0,354,882
300,a,c,120.0,5534680,7078.0,879.0,351,782
301,a,c,4510.0,4342138,5538.0,596.0,353,784
302,d,c,2190.0,2922724,3742.0,323.0,350,781
303,a,a,15430.0,4740126,6188.0,674.0,341,766
304,a,a,1950.0,5541079,7068.0,1056.0,353,784
305,c,c,2470.0,4176274,5347.0,507.0,350,781
306,a,a,5100.0,2717435,4369.0,468.0,274,622
307,a,a,18660.0,2114322,2704.0,308.0,353,782
308,a,a,1070.0,7183229,9353.0,938.0,345,768
309,d,a,8740.0,5430658,6971.0,591.0,350,779
310,a,c,2290.0,7388018,8236.0,700.0,354,897
311,a,c,680.0,5184737,6639.0,789.0,350,781
312,d,a,11300.0,4348731,5568.0,539.0,350,781
313,d,c,14160.0,5533037,7075.0,707.0,353,782
314,a,a,3560.0,4002280,5138.0,571.0,350,779
315,a,c,38710.0,3333890,4252.0,450.0,353,784
316,d,a,9000.0,7677532,9856.0,902.0,350,779
317,d,a,3140.0,3346040,5379.0,579.0,274,622
318,d,c,32330.0,5871619,7528.0,659.0,352,780
319,a,c,570.0,6105068,7787.0,844.0,353,784
320,a,c,210.0,11630218,14834.0,2063.0,353,784
321,c,c,8140.0,4647488,5958.0,585.0,352,780
322,a,a,17500.0,3926557,5021.0,548.0,353,782
323,d,c,8400.0,5737615,7365.0,621.0,350,779
324,a,a,13140.0,4436629,5688.0,722.0,351,780
325,a,c,350.0,5051539,6485.0,673.0,350,779
326,d,a,10070.0,3901936,5009.0,419.0,350,779
327,c,c,1390.0,6012573,7738.0,931.0,351,777
328,a,a,3130.0,3452551,4432.0,520.0,350,779
329,a,a,1310.0,5385006,6913.0,621.0,350,779
330,a,c,370.0,3245811,4167.0,448.0,350,779
331,a,c,670.0,4799307,6161.0,820.0,350,779
332,a,a,1840.0,2908282,3729.0,501.0,351,780
333,a,c,3720.0,7662181,9773.0,1267.0,353,784
334,d,c,4040.0,4228712,5428.0,562.0,350,779
335,b,a,90.0,12541731,13314.0,2385.0,360,942
336,a,a,190.0,10850316,13911.0,1960.0,349,780
337,d,c,10600.0,3943779,5050.0,384.0,350,781
338,a,c,1590.0,5637222,7218.0,625.0,350,781
339,a,c,2280.0,3881031,5147.0,681.0,340,754
340,a,c,8080.0,5084744,6486.0,715.0,353,784
341,a,a,190.0,4293485,5512.0,750.0,350,779
342,d,c,15770.0,6895670,11104.0,850.0,273,621
343,d,a,18650.0,5608306,7199.0,702.0,350,779
344,a,c,300.0,6649189,8481.0,1139.0,353,784
345,a,a,120.0,2836062,4560.0,494.0,274,622
346,a,c,8090.0,5320960,6831.0,620.0,350,779
347,d,c,9360.0,3732856,4804.0,387.0,348,777
348,a,a,16490.0,5255376,8803.0,736.0,264,597
349,c,c,1490.0,5711451,8159.0,830.0,315,700
350,d,a,8880.0,5477257,7013.0,529.0,350,781
351,a,a,5290.0,4710510,6047.0,519.0,350,779
352,d,c,6360.0,5246710,6692.0,637.0,353,784
353,b,b,900.0,5255773,5651.0,1451.0,356,930
354,d,c,1500.0,6536263,8391.0,705.0,350,779
355,a,c,9720.0,7172668,9149.0,1102.0,353,784
356,d,c,8970.0,4443882,5719.0,436.0,348,777
357,a,a,2060.0,5986921,7806.0,1018.0,347,767
358,a,a,2890.0,8028461,10306.0,1123.0,350,779
359,d,c,4370.0,5337128,6851.0,612.0,350,779
360,a,a,2040.0,5437400,6935.0,757.0,353,784
361,c,c,4490.0,4888169,6267.0,638.0,351,780
362,c,c,340.0,7323168,9377.0,1151.0,350,781
363,a,a,250.0,5593213,7134.0,937.0,353,784
364,a,c,13620.0,3510451,4565.0,569.0,346,769
365,c,a,2410.0,3378609,5441.0,587.0,274,621
366,d,c,6470.0,4833475,6197.0,601.0,351,780
367,d,c,2640.0,4119323,5254.0,543.0,353,784
368,d,c,1450.0,7526231,9686.0,713.0,348,777
369,d,c,5870.0,5354973,6857.0,577.0,350,781
370,d,a,8250.0,5959072,7650.0,636.0,350,779
371,d,c,1970.0,5380900,6890.0,544.0,350,781
372,d,c,4880.0,6844455,8786.0,759.0,350,779
373,d,c,11120.0,3520201,4531.0,317.0,348,777
374,a,a,1150.0,5495584,7010.0,830.0,353,784
375,a,c,15710.0,7148220,9164.0,759.0,351,780
376,a,a,160.0,6548133,8460.0,950.0,349,774
377,a,c,100.0,6129725,7819.0,969.0,353,784
378,a,c,2140.0,4927020,6325.0,970.0,350,779
379,d,a,6630.0,3059341,3902.0,468.0,353,784
380,a,a,2240.0,11261676,14457.0,1380.0,350,779
381,a,a,1800.0,7021213,9002.0,965.0,351,780
382,c,c,26130.0,6228961,7986.0,651.0,351,780
383,a,c,350.0,13489879,17295.0,2205.0,349,780
384,a,c,130.0,6937572,8872.0,999.0,353,782
385,d,a,4580.0,4570779,7349.0,655.0,274,622
386,d,c,1460.0,6255013,8030.0,645.0,350,779
387,c,a,210.0,7171744,9375.0,1197.0,343,765
388,a,a,2260.0,7990920,10258.0,1096.0,350,779
389,a,c,6690.0,8104523,10337.0,1265.0,353,784
390,a,c,1600.0,9023552,11569.0,1067.0,353,780
391,a,a,460.0,4392619,5727.0,691.0,345,767
392,a,a,2120.0,5670675,7279.0,718.0,350,779
393,d,c,4820.0,4598489,5903.0,587.0,350,779
394,d,a,10850.0,6523885,8353.0,662.0,350,781
395,a,a,3620.0,3107536,3989.0,520.0,350,779
396,a,c,23130.0,7973232,10222.0,1078.0,351,780
397,a,c,130.0,4342834,5575.0,750.0,350,779
398,c,c,1540.0,4309274,5497.0,615.0,353,784
399,a,a,5360.0,3457604,5559.0,565.0,274,622
400,a,a,70.0,6839152,8746.0,1201.0,353,782
401,a,c,9200.0,5480695,7027.0,647.0,352,780
402,c,c,5830.0,4569233,5858.0,615.0,351,780
403,a,a,4970.0,5817980,7469.0,737.0,350,779
404,a,c,1420.0,3631985,4785.0,571.0,338,759
405,a,a,1080.0,3521625,4521.0,488.0,350,779
406,d,c,8240.0,4760515,6111.0,474.0,350,779
407,a,a,5890.0,2417555,3887.0,315.0,274,622
408,c,a,1560.0,3673481,4728.0,465.0,348,777
409,d,c,840.0,4316867,5527.0,544.0,350,781
410,c,a,40.0,5019781,6444.0,802.0,350,779
411,d,c,8460.0,7133158,9133.0,701.0,350,781
412,d,c,4460.0,5661520,9102.0,645.0,274,622
413,a,c,760.0,4390211,7058.0,890.0,274,622
414,d,c,6210.0,5020250,6428.0,484.0,350,781
415,d,c,6910.0,4863171,6235.0,521.0,351,780
416,a,c,4650.0,8633413,11012.0,1398.0,353,784
417,a,c,840.0,5946326,7633.0,804.0,350,779
418,a,a,1060.0,4094061,5276.0,552.0,348,776
419,c,a,1620.0,4163948,5311.0,852.0,353,784
420,d,c,250.0,2824092,4540.0,403.0,274,622
421,c,c,3530.0,7517189,9588.0,1014.0,353,784
422,a,c,2880.0,3574303,4559.0,465.0,353,784
423,b,a,1270.0,10200356,10828.0,1886.0,360,942
424,d,c,1250.0,5395164,6926.0,773.0,350,779
425,d,c,1460.0,2512424,3238.0,434.0,348,776
426,a,a,250.0,3948281,5068.0,634.0,350,779
427,a,c,70.0,4761741,7643.0,771.0,275,623
428,d,a,2960.0,3910828,6288.0,527.0,274,622
429,d,c,16350.0,3309752,5321.0,429.0,274,622
430,d,c,12870.0,5369397,8632.0,700.0,274,622
431,d,c,4520.0,7419918,9525.0,1002.0,350,779
432,a,a,810.0,8610571,10983.0,1555.0,353,784
433,a,c,30030.0,4621066,5361.0,616.0,353,862
434,a,a,13020.0,6160800,9905.0,742.0,274,622
435,a,a,910.0,2553322,3278.0,384.0,350,779
436,d,a,2300.0,4297398,5509.0,617.0,352,780
437,c,c,430.0,5746040,7367.0,727.0,352,780
438,d,c,1110.0,4019904,5154.0,524.0,352,780
439,a,a,1350.0,5719235,7295.0,885.0,353,784
440,d,a,3900.0,4006273,5156.0,589.0,348,777
441,d,a,2530.0,4929786,6328.0,700.0,350,779
442,c,a,500.0,3402587,4379.0,461.0,348,777
443,d,a,11400.0,4095855,5251.0,489.0,352,780
444,c,a,1700.0,9470625,12189.0,1423.0,349,777
445,a,a,240.0,6673717,8600.0,1357.0,348,776
446,a,a,340.0,3842157,4932.0,635.0,350,779
447,a,c,1510.0,4161176,5308.0,619.0,353,784
448,a,c,3970.0,6609087,8484.0,742.0,350,779
449,a,c,120.0,8789176,11254.0,1535.0,350,781
450,c,a,5780.0,6830229,8791.0,1090.0,348,777
451,a,a,2460.0,4248112,5439.0,459.0,350,781
452,a,c,1850.0,4037476,5150.0,478.0,353,784
453,a,c,75860.0,6896821,7775.0,915.0,354,887
454,a,a,26450.0,4519416,5794.0,707.0,351,780
455,d,c,7660.0,5727571,7371.0,463.0,348,777
456,a,c,140.0,4822447,6191.0,895.0,350,779
457,d,c,13140.0,3010824,4841.0,433.0,274,622
458,c,a,3390.0,5921634,7582.0,703.0,350,781
459,a,a,250.0,7194572,9177.0,1130.0,353,784
460,a,a,34050.0,2914087,3736.0,345.0,351,780
461,d,c,1790.0,3759643,4839.0,477.0,348,777
462,a,a,44320.0,3769419,4833.0,606.0,351,780
463,a,a,4160.0,4747749,6095.0,969.0,350,779
464,c,a,520.0,8343864,10643.0,1306.0,353,784
465,d,c,10890.0,6062752,7763.0,605.0,350,781
466,a,c,3110.0,6007933,7712.0,756.0,350,779
467,a,c,20390.0,10501035,13480.0,1614.0,350,779
468,c,c,5260.0,5229014,6670.0,755.0,353,784
469,c,c,710.0,9330742,11901.0,1521.0,353,784
470,a,c,50.0,10174712,13112.0,1775.0,348,776
471,d,a,5300.0,4422266,7110.0,590.0,274,622
472,c,c,5030.0,4080447,5205.0,693.0,353,784
473,a,a,50.0,2767243,3552.0,487.0,350,779
474,c,a,14810.0,5885972,7527.0,737.0,353,782
475,a,a,140.0,5023680,6474.0,982.0,348,776
476,d,a,8300.0,4564251,5852.0,650.0,352,780
477,d,a,770.0,3864914,6214.0,450.0,274,622
478,d,c,1940.0,5336648,6807.0,699.0,353,784
479,a,a,320.0,8782548,11231.0,1329.0,351,782
480,a,a,300.0,3869738,4936.0,623.0,353,784
481,c,c,7470.0,4026351,5155.0,477.0,350,781
482,c,a,2550.0,6517671,8335.0,921.0,351,782
483,a,c,2310.0,3859771,4948.0,650.0,351,780
484,a,c,14300.0,6050653,7718.0,740.0,353,784
485,d,c,3270.0,3029769,4871.0,421.0,274,622
486,a,a,2320.0,3323793,4267.0,520.0,350,779
487,d,c,2180.0,5487451,6999.0,677.0,353,784
488,a,c,2890.0,2890074,3686.0,388.0,353,784
489,a,a,14960.0,5698967,7306.0,650.0,351,780
490,a,a,660.0,5131331,8250.0,1064.0,274,622
491,d,c,4680.0,5242001,6746.0,527.0,348,777
492,a,a,1740.0,4825503,7859.0,1156.0,273,614
493,d,c,1150.0,6462326,8296.0,808.0,350,779
494,b,a,1260.0,7205637,7649.0,1080.0,360,942
495,d,a,5470.0,4005216,5155.0,395.0,348,777
496,d,c,2780.0,6059458,7729.0,830.0,353,784
497,a,c,1610.0,7077518,9062.0,1116.0,350,781
498,a,a,990.0,4351844,6997.0,885.0,274,622
499,c,c,450.0,4006203,5156.0,738.0,348,777
500,d,c,10690.0,3330211,5354.0,396.0,274,622
501,a,c,1620.0,3345228,5378.0,588.0,274,622
502,a,a,220.0,8377408,10824.0,1520.0,350,774
503,d,c,13080.0,5224595,6698.0,471.0,351,780
504,c,c,820.0,5231756,6673.0,953.0,353,784
505,a,a,350.0,3711170,4776.0,595.0,348,777
506,a,a,1850.0,5905867,7581.0,842.0,350,779
507,a,c,9070.0,6587045,8456.0,664.0,350,779
508,a,c,1280.0,5251735,6768.0,663.0,348,776
509,a,a,4740.0,4783674,6125.0,518.0,350,781
510,a,c,8260.0,6385260,8197.0,842.0,350,779
511,a,a,2060.0,4439259,5662.0,811.0,353,784
512,b,b,590.0,4105679,5511.0,1288.0,281,745
513,a,a,400.0,14252406,18179.0,2096.0,353,784
514,c,c,1200.0,3580238,5756.0,604.0,274,622
515,d,c,11260.0,7056301,9058.0,738.0,350,779
516,a,c,20.0,4579807,5879.0,761.0,350,779
517,a,c,22490.0,4525491,5962.0,651.0,341,759
518,d,c,3330.0,3653972,5865.0,504.0,275,623
519,c,c,2510.0,4160155,5306.0,559.0,353,784
520,a,c,6900.0,3033870,3870.0,413.0,353,784
521,d,a,18610.0,4036010,5181.0,426.0,350,779
522,d,c,7160.0,5122860,8223.0,633.0,275,623
523,c,c,50.0,12175995,15531.0,1783.0,353,784
524,a,c,40860.0,6793232,7711.0,819.0,354,881
525,d,c,1870.0,8012460,10233.0,876.0,353,783
526,a,a,120.0,8312841,10630.0,1457.0,353,782
527,d,c,5830.0,8383796,10735.0,1000.0,351,781
528,a,c,20620.0,8338762,10704.0,955.0,350,779
529,d,c,12920.0,6133846,7824.0,761.0,353,784
530,a,c,18160.0,4198697,4634.0,751.0,354,906
531,a,c,4030.0,3843117,4902.0,601.0,353,784
532,a,c,1070.0,8487100,10895.0,1279.0,350,779
533,a,c,5950.0,7505547,9660.0,902.0,348,777
534,d,a,1200.0,4684684,7520.0,569.0,275,623
535,a,a,3570.0,6322186,8116.0,923.0,350,779
536,a,c,4700.0,6484095,8324.0,883.0,350,779
537,a,a,600.0,4335799,5580.0,604.0,348,777
538,a,a,990.0,3025475,3859.0,568.0,353,784
539,a,a,770.0,7035419,11311.0,1142.0,274,622
540,d,c,810.0,3513672,5649.0,391.0,274,622
541,a,c,650.0,5235513,6721.0,857.0,350,779
542,a,a,7280.0,3885411,6247.0,532.0,274,622
543,c,a,1080.0,2179287,2790.0,240.0,350,781
544,a,a,250.0,10993709,14094.0,1845.0,352,780
545,a,c,5020.0,8284865,10635.0,1027.0,350,779
546,a,a,580.0,10726323,13682.0,1621.0,353,784
547,d,c,8990.0,3578049,5752.0,442.0,274,622
548,d,c,3760.0,3896082,5073.0,401.0,344,768
549,a,c,2330.0,3639890,4643.0,548.0,353,784
550,d,c,50.0,4665403,5974.0,497.0,350,781
551,a,c,2190.0,5142553,6559.0,988.0,353,784
552,a,a,4260.0,6030778,7722.0,690.0,350,781
553,c,a,3040.0,5468991,7039.0,639.0,348,777
554,c,c,1200.0,3513115,4481.0,546.0,353,784
555,d,a,1560.0,3223315,5174.0,479.0,274,623
556,d,c,1140.0,5620964,7179.0,831.0,353,783
557,a,a,250.0,3410036,4383.0,676.0,350,778
558,a,a,3000.0,2541355,3242.0,453.0,353,784
559,d,a,3910.0,4588710,5883.0,750.0,351,780
560,c,c,1910.0,10168806,13613.0,1640.0,338,747
561,d,a,14300.0,5385871,6914.0,683.0,350,779
562,b,c,1210.0,16927322,17970.0,3105.0,360,942
563,a,a,700.0,4278470,5513.0,703.0,348,776
564,d,c,6540.0,4306402,5528.0,489.0,350,779
565,a,c,160.0,5169769,6636.0,792.0,350,779
566,a,a,3620.0,3845237,4905.0,545.0,353,784
567,c,a,1010.0,4083132,5242.0,671.0,350,779
568,d,c,4270.0,3809325,4877.0,414.0,350,781
569,a,a,1340.0,3543332,4520.0,653.0,353,784
570,a,a,180.0,3533080,4535.0,662.0,350,779
571,d,a,2110.0,4815991,7743.0,576.0,274,622
572,d,c,9230.0,5345670,6889.0,572.0,348,776
573,a,a,1190.0,2472309,3975.0,335.0,274,622
574,d,a,4400.0,6913915,8898.0,667.0,348,777
575,a,a,960.0,3343994,5368.0,493.0,275,623
576,c,a,50.0,5474294,6983.0,965.0,353,784
577,a,c,2270.0,3883479,4953.0,583.0,353,784
578,d,a,12700.0,7356117,8164.0,774.0,354,901
579,c,a,20970.0,6461297,8294.0,911.0,350,779
580,a,c,170.0,7994967,10198.0,1603.0,353,784
581,a,a,7250.0,4154967,5334.0,588.0,350,779
582,a,a,120.0,5492051,7023.0,863.0,350,782
583,a,a,2640.0,3363288,4312.0,449.0,351,780
584,d,a,1360.0,3697954,4735.0,433.0,350,781
585,d,c,440.0,4449323,5675.0,863.0,353,784
586,a,c,250.0,11742401,15132.0,2361.0,348,776
587,d,c,330.0,6020227,9663.0,686.0,274,623
588,d,c,15720.0,4825215,6155.0,661.0,353,784
589,a,c,360.0,3537175,4679.0,495.0,338,756
590,d,c,4520.0,3872700,4984.0,392.0,348,777
591,a,c,3340.0,4429448,5701.0,499.0,348,777
592,a,a,2540.0,3465390,4449.0,570.0,350,779
593,a,c,33060.0,7454238,9508.0,1232.0,353,784
594,a,a,1790.0,3258199,4156.0,457.0,353,784
595,c,c,1130.0,11774982,15019.0,1763.0,353,784
596,c,a,290.0,3532562,4506.0,698.0,353,784
597,a,a,150.0,3957495,5080.0,728.0,350,779
598,c,a,550.0,3665006,5892.0,729.0,274,622
599,d,c,580.0,7659466,9770.0,876.0,353,784
600,d,c,17340.0,5485348,6997.0,619.0,353,784
601,d,a,8220.0,3807976,4876.0,394.0,350,781
602,a,a,2710.0,4920431,6300.0,614.0,350,781
603,a,a,340.0,5297052,6933.0,946.0,342,764
604,d,a,10950.0,4953601,7964.0,592.0,274,622
605,d,a,10310.0,5466800,7027.0,509.0,348,778
606,a,a,2260.0,4577941,5839.0,621.0,353,784
607,a,a,350.0,3051294,3902.0,414.0,353,782
608,a,c,18370.0,7275038,9327.0,943.0,351,780
609,a,a,2070.0,3636230,4638.0,505.0,353,784
610,a,a,660.0,3269954,4198.0,520.0,350,779
611,a,a,8080.0,3602813,5792.0,491.0,274,622
612,d,c,2490.0,4246423,6816.0,424.0,275,623
613,c,a,250.0,5261587,6728.0,1001.0,353,782
614,a,a,1160.0,5140680,6591.0,941.0,352,780
615,d,a,730.0,7585401,9712.0,1240.0,350,781
616,a,c,3040.0,6611772,8488.0,830.0,350,779
617,a,c,8940.0,4960149,6359.0,575.0,352,780
618,d,c,9910.0,5334682,6831.0,506.0,350,781
619,a,a,1600.0,2676841,4304.0,429.0,274,622
620,d,c,5440.0,4835283,7774.0,709.0,274,622
621,a,a,30.0,4608739,5916.0,806.0,350,779
622,a,c,2325.0,3385282,4318.0,430.0,353,784
623,a,a,4080.0,5473895,7146.0,834.0,345,766
624,a,c,6920.0,5467853,7019.0,683.0,350,779
625,a,a,1170.0,4907852,6300.0,617.0,350,779
626,c,c,10740.0,7318373,9383.0,830.0,352,780
627,c,c,3970.0,4679168,5991.0,616.0,350,781
628,a,c,2180.0,4885169,6231.0,763.0,353,784
629,d,a,510.0,4760004,7653.0,679.0,274,622
630,a,a,1690.0,5403029,6936.0,794.0,350,779
631,d,c,2870.0,4233841,5400.0,638.0,353,784
632,a,a,3350.0,5510559,7029.0,904.0,353,784
633,d,a,11640.0,4482889,7207.0,550.0,274,622
634,d,a,18610.0,5236366,6713.0,651.0,352,780
635,a,a,27530.0,4609211,5909.0,597.0,351,780
636,c,a,720.0,3692957,5928.0,715.0,275,623
637,d,c,9790.0,5415918,8707.0,693.0,274,622
638,d,a,10170.0,3713936,6010.0,508.0,271,618
639,a,a,7780.0,3688329,4735.0,486.0,350,779
640,d,c,8040.0,8984969,11534.0,880.0,350,779
641,a,c,610.0,4490386,5764.0,538.0,350,779
642,c,c,530.0,2845461,3653.0,480.0,350,779
643,a,a,230.0,6267634,7994.0,1020.0,353,784
644,c,a,4030.0,5537010,9353.0,1030.0,263,592
645,a,a,90.0,8337410,10730.0,1327.0,348,777
646,a,a,620.0,3126126,5026.0,706.0,274,622
647,a,c,7420.0,4527267,5775.0,677.0,353,784
648,d,a,2130.0,5154013,6574.0,610.0,353,784
649,a,a,14570.0,2873358,3684.0,387.0,351,780
650,a,a,1420.0,3975207,6391.0,664.0,274,622
651,a,a,200.0,5932759,7616.0,948.0,350,779
652,a,a,20390.0,5190629,6638.0,681.0,353,782
653,d,c,7520.0,4608178,5916.0,500.0,350,779
654,c,a,6930.0,5050619,6475.0,684.0,352,780
655,d,c,960.0,6256703,8032.0,687.0,350,779
656,d,a,410.0,2534495,3245.0,379.0,350,781
657,c,c,80.0,4698459,6055.0,766.0,348,776
658,d,c,520.0,4719829,6059.0,599.0,350,779
659,d,a,1590.0,4407938,5644.0,685.0,350,781
660,a,a,1200.0,2871525,4617.0,497.0,274,622
661,d,c,2140.0,5503903,7167.0,590.0,344,768
662,d,a,1070.0,6616587,8440.0,771.0,353,784
663,a,c,7860.0,3623173,4793.0,654.0,341,756
664,d,c,1680.0,3858158,4946.0,602.0,351,780
665,a,a,90.0,6360621,8228.0,1262.0,349,773
666,c,c,2700.0,5451906,7017.0,655.0,348,777
667,d,c,2870.0,6879831,8787.0,793.0,353,783
668,c,a,1270.0,7009629,8941.0,1157.0,353,784
669,d,a,17080.0,2807854,4514.0,394.0,274,622
670,a,a,2060.0,4092358,6590.0,701.0,274,621
671,a,c,2070.0,3691881,5936.0,594.0,274,622
672,c,a,240.0,6892942,8837.0,1389.0,352,780
673,d,c,15170.0,5536916,7126.0,583.0,348,777
674,a,a,2640.0,6112239,8204.0,1015.0,335,745
675,a,a,2100.0,3341266,4278.0,448.0,352,781
676,b,b,1410.0,7057092,7687.0,1688.0,347,918
677,d,a,1740.0,4938047,7939.0,638.0,274,622
678,c,a,3250.0,5686651,7300.0,825.0,350,779
679,a,a,4140.0,7796037,9944.0,1061.0,353,784
680,c,a,170.0,4080960,5205.0,791.0,353,784
681,a,c,620.0,2731676,3566.0,490.0,343,766
682,b,a,150.0,10557379,11207.0,1759.0,360,942
683,a,a,2850.0,7171315,9147.0,878.0,353,784
684,d,c,680.0,4802690,7721.0,619.0,274,622
685,a,a,650.0,5165199,6631.0,612.0,350,779
686,a,a,20050.0,4875320,6250.0,754.0,352,780
687,d,c,2770.0,6522150,8372.0,734.0,350,779
688,a,a,18760.0,2820350,3616.0,364.0,351,780
689,d,a,15040.0,5503014,7046.0,713.0,350,781
690,a,a,100.0,4354600,5590.0,792.0,350,779
691,d,c,3030.0,6521018,8371.0,621.0,350,779
692,a,a,40.0,5132377,6588.0,797.0,350,779
693,d,a,450.0,5160800,6608.0,495.0,350,781
694,a,c,460.0,5005559,8048.0,776.0,274,622
695,a,a,550.0,4201243,5393.0,514.0,350,779
696,a,c,430.0,6154509,7850.0,996.0,353,784
697,d,a,3780.0,8301159,10656.0,1005.0,350,779
698,a,a,1790.0,12202270,15564.0,1937.0,353,784
699,a,a,180.0,6373219,8331.0,979.0,341,765
700,a,c,830.0,3297857,4362.0,528.0,337,756
701,d,a,1450.0,3594522,5779.0,630.0,274,622
702,a,a,8550.0,2720610,4374.0,347.0,274,622
703,a,a,80.0,2563326,3291.0,353.0,350,779
704,d,c,1910.0,8138397,10394.0,1078.0,352,783
705,a,a,4140.0,6206501,7967.0,959.0,350,779
706,d,a,7830.0,3572311,5743.0,524.0,274,622
707,a,c,2900.0,6481071,8320.0,914.0,350,779
708,c,c,11470.0,3145529,4579.0,474.0,310,687
709,a,a,500.0,7751342,9887.0,1298.0,353,784
710,d,a,1500.0,2828018,4547.0,373.0,274,622
711,d,a,17110.0,4307666,6914.0,511.0,275,623
712,a,a,4870.0,3994137,6421.0,575.0,274,622
713,a,c,220.0,8349365,10718.0,1314.0,350,779
714,d,c,12070.0,3538417,4554.0,331.0,348,777
715,a,a,14810.0,5037090,6491.0,675.0,348,776
716,d,a,3200.0,3556025,5717.0,454.0,274,622
717,d,c,310.0,4325705,5553.0,559.0,350,779
718,a,a,1100.0,6178736,7911.0,855.0,350,781
719,c,c,8190.0,3348602,5384.0,457.0,274,622
720,a,c,15320.0,5618245,7166.0,717.0,353,784
721,a,c,3590.0,6015956,7673.0,756.0,353,784
722,a,a,50.0,7711931,9837.0,1583.0,353,784
723,d,c,5650.0,5492073,7032.0,567.0,350,781
724,d,c,5900.0,5307253,6813.0,699.0,350,779
725,d,c,17540.0,4505981,5747.0,595.0,353,784
726,a,c,40540.0,8617965,11049.0,1065.0,352,780
727,a,a,2050.0,3537376,4529.0,453.0,350,781
728,d,a,13990.0,4075915,5246.0,458.0,348,777
729,c,c,8980.0,8217604,10549.0,1082.0,350,779
730,c,a,1190.0,6315412,8055.0,984.0,353,784
731,a,a,15270.0,7177402,9249.0,951.0,348,776
732,a,c,35280.0,5135916,5816.0,661.0,354,883
733,b,b,860.0,14067158,14933.0,3403.0,360,942
734,a,a,220.0,4658828,5981.0,566.0,350,779
735,d,c,1920.0,4304462,5519.0,544.0,351,780
736,c,c,1650.0,3261815,5244.0,509.0,274,622
737,a,a,100.0,4765845,6118.0,898.0,350,779
738,d,c,5980.0,6628200,8509.0,702.0,350,779
739,d,c,2770.0,5944868,9558.0,765.0,274,622
740,d,a,6400.0,5449956,6978.0,509.0,350,781
741,d,c,11900.0,5973663,7619.0,920.0,353,784
742,d,c,4380.0,6252167,8026.0,873.0,350,779
743,a,a,6710.0,2976940,3817.0,418.0,352,780
744,a,a,1370.0,4511526,7457.0,835.0,265,605
745,a,a,17650.0,5849281,7499.0,710.0,352,780
746,d,c,4330.0,4716888,6040.0,509.0,350,781
747,c,c,45740.0,6261174,8027.0,701.0,351,780
748,d,a,2380.0,4469650,5738.0,488.0,350,779
749,a,a,3410.0,4042901,5190.0,636.0,350,779
750,d,a,8670.0,3108353,4997.0,403.0,274,622
751,a,a,650.0,3284432,4216.0,574.0,350,779
752,a,a,970.0,4091043,5252.0,459.0,350,779
753,d,c,540.0,6785308,8710.0,764.0,350,779
754,c,c,380.0,6324001,8087.0,966.0,353,782
755,d,c,13130.0,8187392,10483.0,895.0,352,781
756,a,c,50.0,12911782,16575.0,2347.0,350,779
757,a,c,3450.0,4832775,6220.0,536.0,348,777
758,a,c,19780.0,3768116,4868.0,637.0,346,774
759,a,a,110.0,5460897,7010.0,774.0,350,779
760,a,a,560.0,5935009,7638.0,1227.0,349,777
761,a,a,2390.0,6843911,8729.0,995.0,353,784
762,d,c,1280.0,2965697,3892.0,390.0,343,762
763,d,c,32240.0,4802197,6125.0,586.0,353,784
764,a,c,26490.0,2714404,3539.0,396.0,344,767
765,a,c,25430.0,6609836,8507.0,711.0,348,777
766,d,c,9820.0,3809093,6124.0,530.0,274,622
767,a,c,13080.0,4722348,6023.0,615.0,353,784
768,a,c,2630.0,10185601,12992.0,1345.0,353,784
769,b,b,840.0,10198000,10826.0,3081.0,360,942
770,a,c,100.0,5046197,6478.0,733.0,350,779
771,a,a,20640.0,4181091,6722.0,689.0,274,622
772,d,c,1850.0,2804862,3582.0,488.0,352,783
773,a,a,200.0,4464281,5716.0,792.0,350,781
774,a,c,640.0,4307095,5494.0,713.0,353,784
775,d,c,6970.0,5405733,8691.0,621.0,274,622
776,c,a,700.0,3728530,4805.0,535.0,348,776
777,d,c,8250.0,3109262,3991.0,351.0,349,779
778,a,a,340.0,3670582,5901.0,800.0,274,622
779,a,a,16990.0,5560247,7129.0,700.0,352,780
780,a,a,18160.0,5106807,6547.0,789.0,352,780
781,a,a,630.0,3839505,4922.0,673.0,351,780
782,c,c,5390.0,4275775,5489.0,513.0,350,779
783,d,c,15490.0,5364665,6860.0,679.0,353,782
784,a,a,560.0,6038270,7751.0,825.0,350,779
785,d,c,970.0,5072473,6512.0,561.0,350,779
786,a,a,290.0,2779666,3564.0,553.0,351,780
787,c,c,3210.0,7977175,10227.0,1142.0,352,780
788,a,c,1530.0,14082141,17962.0,1718.0,353,784
789,a,c,9770.0,2626269,3380.0,469.0,348,777
790,d,c,9070.0,5820810,7453.0,682.0,350,781
791,a,a,5950.0,5973977,7669.0,810.0,350,779
792,d,a,17280.0,5756322,7389.0,692.0,350,779
793,d,a,2710.0,3764223,4832.0,458.0,350,779
794,c,c,5090.0,2405374,3084.0,522.0,352,780
795,d,a,510.0,3547312,4554.0,467.0,350,779
796,a,c,7180.0,5643678,7245.0,668.0,350,779
797,a,a,2090.0,2617520,4208.0,414.0,274,622
798,a,a,9560.0,5825254,7468.0,901.0,352,780
799,a,c,2700.0,7708195,9895.0,899.0,350,779
800,d,a,2020.0,4157860,5337.0,499.0,350,779
801,d,a,48330.0,3798660,4845.0,474.0,353,784
802,a,c,910.0,5363403,6841.0,523.0,353,784
803,d,a,1760.0,4650665,6048.0,492.0,345,769
804,c,c,2100.0,3061600,4922.0,440.0,274,622
805,d,a,24770.0,3784390,6084.0,572.0,274,622
806,d,a,260.0,4234755,6808.0,525.0,274,622
807,a,a,3870.0,7669453,9820.0,982.0,350,781
808,a,a,18620.0,5687084,7291.0,601.0,352,780
809,a,a,12770.0,7317626,9394.0,802.0,350,779
810,d,c,9640.0,4619798,5930.0,489.0,350,779
811,a,a,410.0,3239518,4132.0,683.0,353,784
812,d,a,2590.0,4966087,6367.0,776.0,352,780
813,a,a,1560.0,4514925,5811.0,650.0,348,777
814,d,c,24530.0,6628829,8477.0,695.0,353,782
815,a,a,590.0,5222211,8396.0,815.0,274,622
816,c,c,460.0,3998667,5133.0,743.0,350,779
817,a,a,140.0,17057867,21757.0,3131.0,353,784
818,d,a,490.0,4772357,6111.0,635.0,350,781
819,a,c,720.0,4775423,6091.0,540.0,353,784
820,a,c,1650.0,7517399,12086.0,1090.0,274,622
821,a,a,1700.0,5438993,6937.0,851.0,353,784
822,a,c,410.0,6066329,7738.0,637.0,353,784
823,a,c,16210.0,4549069,5802.0,570.0,353,784
824,a,a,17570.0,5358101,6834.0,863.0,353,784
825,a,a,380.0,2838137,4563.0,537.0,274,622
826,a,c,7980.0,6859209,8839.0,771.0,348,776
827,a,c,250.0,10000214,12772.0,1663.0,353,783
828,d,c,3290.0,4055958,5200.0,587.0,351,780
829,c,a,110.0,4624043,5921.0,791.0,350,781
830,a,c,6320.0,4816406,6175.0,526.0,352,780
831,a,a,800.0,9884733,12689.0,1577.0,350,779
832,d,a,5070.0,5115779,6550.0,554.0,350,781
833,d,c,3290.0,4293342,5511.0,506.0,350,779
834,a,a,3470.0,4600937,5869.0,639.0,353,784
835,a,a,2890.0,3979293,5188.0,659.0,345,767
836,a,a,2720.0,4606682,5906.0,711.0,352,780
837,a,c,14600.0,2608765,3474.0,460.0,336,751
838,d,c,6890.0,6246047,7987.0,818.0,353,782
839,c,a,240.0,4019692,5127.0,647.0,353,784
840,a,a,1070.0,5738112,7319.0,1056.0,353,784
841,a,a,27650.0,2318635,2973.0,412.0,352,780
842,d,c,1200.0,11553523,18575.0,1149.0,274,622
843,c,a,60.0,7423466,9469.0,1116.0,353,784
844,a,a,2030.0,3255217,4179.0,454.0,350,779
845,d,a,7860.0,3746964,4829.0,358.0,348,776
846,a,c,8860.0,7185993,9225.0,865.0,350,779
847,c,c,190.0,5518727,7112.0,1011.0,348,776
848,a,c,370.0,5059150,6631.0,753.0,341,763
849,c,c,5000.0,6393691,8155.0,889.0,353,784
850,d,a,1120.0,4787781,6202.0,653.0,350,772
851,d,c,2330.0,3392054,5453.0,470.0,274,622
852,c,a,940.0,3597687,4607.0,584.0,350,781
853,a,a,14040.0,7181892,9243.0,1020.0,348,777
854,c,a,4770.0,5130172,6577.0,681.0,352,780
855,a,a,3440.0,4477596,5763.0,614.0,348,777
856,a,a,3020.0,5599626,7142.0,958.0,353,784
857,c,a,6270.0,5815578,7446.0,923.0,350,781
858,a,a,3370.0,2957986,4756.0,418.0,274,622
859,c,a,21770.0,4667332,7504.0,726.0,274,622
860,c,c,5980.0,4521003,5781.0,732.0,351,782
861,c,c,740.0,2674267,3500.0,510.0,343,764
862,a,c,2840.0,6715065,8565.0,1118.0,353,784
863,a,c,21370.0,6836861,7708.0,919.0,354,887
864,a,a,1020.0,3316575,4268.0,588.0,348,777
865,d,c,2640.0,5894369,7567.0,637.0,350,779
866,d,a,9680.0,5368119,6873.0,486.0,350,781
867,d,c,21810.0,3809715,4329.0,410.0,354,880
868,d,c,1360.0,7480652,9578.0,652.0,350,781
869,c,a,230.0,4659180,5973.0,870.0,352,780
870,a,a,780.0,5349346,6929.0,869.0,348,772
871,d,c,10620.0,4889449,6260.0,480.0,350,781
872,a,c,3860.0,6649861,8536.0,822.0,350,779
873,a,a,2040.0,2990009,3833.0,456.0,352,780
874,a,a,3210.0,3593615,4584.0,510.0,353,784
875,d,a,5070.0,3943035,5062.0,470.0,350,779
876,a,a,21790.0,7069345,9229.0,1017.0,344,766
877,a,c,29190.0,5103191,6332.0,873.0,353,806
878,d,c,1100.0,6801666,8720.0,796.0,351,780
879,d,a,2325.0,2340576,3763.0,347.0,274,622
880,a,c,4570.0,5832985,7507.0,790.0,348,777
881,a,a,180.0,3274150,4203.0,620.0,350,779
882,a,a,30.0,5081054,6616.0,843.0,345,768
883,a,a,3200.0,3714779,4769.0,503.0,350,779
884,d,c,7550.0,3443958,5537.0,530.0,274,622
885,a,a,480.0,4235932,5459.0,729.0,348,776
886,a,c,12430.0,5018882,6443.0,609.0,350,779
887,d,a,19700.0,5317050,6896.0,578.0,345,771
888,d,a,4450.0,6271013,7999.0,743.0,353,784
889,d,a,18670.0,3232661,4144.0,453.0,351,780
890,a,a,4450.0,3563801,5730.0,445.0,274,622
891,a,c,350.0,6189692,7976.0,1097.0,348,776
892,a,a,19370.0,5927347,7599.0,780.0,352,780
893,a,a,130.0,3978679,6397.0,828.0,274,622
894,a,a,190.0,6529198,8468.0,1035.0,349,771
895,a,c,4150.0,7248912,9329.0,882.0,348,777
896,a,c,170.0,5439130,6938.0,1088.0,353,784
897,c,c,3290.0,2717511,3493.0,346.0,350,778
898,a,a,18540.0,5173270,6615.0,711.0,353,782
899,d,a,2590.0,4109286,5268.0,563.0,352,780
900,a,a,3920.0,3635287,5845.0,549.0,274,622
901,a,c,3170.0,5669137,7231.0,639.0,353,784
902,a,a,310.0,3039385,4886.0,629.0,274,622
903,d,c,7290.0,7300878,11738.0,818.0,274,622
904,d,c,570.0,3742423,6017.0,514.0,274,622
905,a,a,90.0,6645066,8530.0,1267.0,350,779
906,a,a,90.0,8535775,10929.0,1271.0,350,781
907,a,c,250.0,4884914,6271.0,829.0,350,779
908,a,a,1980.0,3307400,4235.0,363.0,350,781
909,a,c,1680.0,6512493,10729.0,1020.0,267,607
910,d,c,12480.0,4452869,5709.0,574.0,351,780
911,a,c,16490.0,7749768,9885.0,909.0,353,784
912,c,c,3100.0,4520528,5766.0,759.0,353,784
913,a,a,280.0,6900317,8892.0,1162.0,348,776
914,c,c,2640.0,7453259,9507.0,1133.0,353,784
915,d,c,650.0,3942303,6338.0,514.0,274,622
916,a,a,90.0,4176608,5382.0,705.0,348,776
917,a,a,7240.0,5221594,6703.0,741.0,350,779
918,a,c,18710.0,4046072,5187.0,553.0,352,780
919,a,a,2620.0,3438093,5536.0,677.0,274,621
920,a,a,850.0,3585330,5764.0,582.0,274,622
921,a,a,840.0,7389638,9474.0,1095.0,352,780
922,d,a,2110.0,5739531,7406.0,713.0,350,775
923,a,a,280.0,4167230,5315.0,640.0,353,784
924,a,a,6420.0,3702496,4753.0,450.0,350,779
925,c,a,470.0,5147464,6702.0,1200.0,344,768
926,d,c,5150.0,5655998,7261.0,543.0,350,779
927,a,a,480.0,5059388,6562.0,873.0,348,771
928,d,c,1090.0,6243438,8015.0,693.0,350,779
929,a,c,4820.0,4559231,5815.0,711.0,353,784
930,a,a,70.0,5569973,7150.0,1171.0,350,779
931,a,c,1480.0,3140234,3589.0,442.0,354,875
932,a,a,15700.0,4607215,7395.0,731.0,275,623
933,a,c,6270.0,5718554,7331.0,905.0,352,780
934,a,c,5460.0,5268860,6764.0,680.0,350,779
935,a,c,22350.0,4430153,5651.0,600.0,353,784
936,a,a,580.0,5496846,7056.0,891.0,350,779
937,d,a,2810.0,5648895,7233.0,585.0,350,781
938,a,a,2820.0,7375962,9408.0,964.0,353,784
939,d,a,1340.0,4656745,5978.0,577.0,350,779
940,d,c,6470.0,5657022,7253.0,743.0,352,780
941,a,a,1200.0,3129057,5031.0,554.0,274,622
942,d,c,6860.0,4731583,6058.0,470.0,350,781
943,d,c,18020.0,5428994,6969.0,606.0,350,779
944,c,a,1670.0,6217518,7931.0,1230.0,353,784
945,a,c,12480.0,3429965,4375.0,531.0,353,784
946,a,a,2220.0,3274470,4203.0,533.0,350,779
947,a,a,460.0,6470539,8392.0,1140.0,348,771
948,b,b,1430.0,6437314,6944.0,1714.0,354,927
949,a,a,870.0,4194405,5350.0,497.0,353,784
950,a,a,8460.0,4450296,5742.0,562.0,348,775
951,d,c,710.0,6058267,7777.0,719.0,350,779
952,d,c,6300.0,4085326,6568.0,530.0,274,622
953,a,a,19830.0,4162942,5323.0,543.0,353,782
954,a,a,390.0,5426552,6966.0,905.0,350,779
955,d,c,1690.0,3676529,4720.0,457.0,350,779
956,a,a,2330.0,2992188,3856.0,496.0,348,776
957,d,c,1420.0,6192726,7899.0,851.0,353,784
958,a,a,440.0,3327635,4244.0,563.0,353,784
959,a,c,1060.0,5528325,7051.0,745.0,353,784
960,d,a,8990.0,5251132,6724.0,553.0,350,781
961,d,c,9430.0,5080588,6522.0,689.0,350,779
962,c,a,260.0,5125011,6691.0,909.0,345,766
963,a,c,23620.0,8385406,10764.0,1016.0,351,779
964,a,a,270.0,7534699,9760.0,1395.0,348,772
965,a,c,110.0,6626600,8485.0,905.0,350,781
966,a,a,760.0,3753283,4818.0,610.0,350,779
967,a,c,3560.0,6731473,8641.0,923.0,350,779
968,c,a,1190.0,5609742,7192.0,876.0,352,780
969,a,c,600.0,2645117,3503.0,599.0,339,755
970,a,a,910.0,2573975,3296.0,400.0,350,781
971,c,a,1140.0,6392792,8281.0,987.0,348,772
972,a,a,14960.0,2402627,3423.0,388.0,319,702
973,d,c,330.0,5017528,6441.0,790.0,350,779
974,a,a,150.0,7178474,11541.0,1561.0,274,622
975,a,c,9630.0,6010559,7716.0,744.0,350,779
976,a,a,4180.0,5433498,6975.0,718.0,350,779
977,a,a,520.0,2974291,4774.0,511.0,275,623
978,c,c,3890.0,5626588,7214.0,972.0,352,780
979,a,c,2270.0,4898808,6264.0,636.0,353,782
980,a,a,4420.0,5468281,7020.0,555.0,350,779
981,d,c,2620.0,5700952,7309.0,754.0,351,780
982,d,a,21930.0,6285458,8058.0,692.0,352,780
983,a,a,40.0,7941077,10286.0,1384.0,350,772
984,c,a,440.0,4708162,6067.0,740.0,348,776
985,c,c,490.0,6516900,8387.0,775.0,348,777
986,a,a,620.0,4802035,6228.0,829.0,348,771
987,c,a,1690.0,5368327,6847.0,867.0,353,784
988,a,a,30.0,3683288,4698.0,723.0,353,784
989,a,a,1640.0,3260812,5242.0,574.0,274,622
990,d,a,20930.0,4999125,6409.0,573.0,352,780
991,a,a,1010.0,4484520,5757.0,537.0,350,779
992,a,a,2480.0,4452757,5716.0,701.0,350,779
993,d,c,3460.0,5942063,7618.0,753.0,352,780
994,a,a,2290.0,3536283,4540.0,442.0,350,779
995,d,a,6560.0,7226190,9264.0,788.0,352,780
996,c,a,2870.0,4993206,6510.0,697.0,347,767
997,d,c,5840.0,4028334,5158.0,412.0,350,781
998,a,a,780.0,3354263,4317.0,534.0,348,777
999,d,c,15140.0,7163321,9184.0,660.0,352,780
1000,a,c,2230.0,4635525,7453.0,681.0,274,622
1001,c,a,19640.0,4239004,5421.0,621.0,353,782
1002,d,c,1130.0,4753790,6064.0,717.0,353,784
1003,a,a,170.0,5751204,7383.0,773.0,350,779
1004,d,c,970.0,3212907,5165.0,452.0,274,622
1005,a,a,6480.0,4834459,6206.0,937.0,350,779
1006,c,c,3890.0,4970130,6372.0,866.0,351,780
1007,c,c,4180.0,5485024,6996.0,816.0,353,784
1008,a,c,30.0,4179585,5331.0,717.0,353,784
1009,a,a,230.0,2968299,4772.0,458.0,274,622
1010,d,c,4610.0,6957339,8874.0,807.0,353,784
1011,a,c,490.0,6137147,7878.0,943.0,350,779
1012,d,c,6330.0,3762920,6050.0,517.0,274,622
1013,a,a,630.0,3110984,3994.0,443.0,350,779
1014,a,c,210.0,9509102,12207.0,1350.0,350,779
1015,d,c,9910.0,4705183,6040.0,492.0,350,779
1016,c,c,550.0,4213934,5409.0,500.0,350,779
1017,c,a,110.0,5539437,7222.0,1018.0,345,767
1018,c,c,140.0,9187204,11748.0,1359.0,352,782
1019,d,c,2740.0,5651236,9071.0,754.0,275,623
1020,a,a,40.0,7054345,9032.0,1110.0,350,781
1021,a,a,1080.0,6835866,8878.0,1062.0,347,770
1022,a,c,1520.0,5706179,7325.0,823.0,350,779
1023,c,a,3740.0,4799042,6153.0,630.0,352,780
1024,c,c,1990.0,4810209,6135.0,785.0,353,784
1025,a,a,720.0,5762189,7426.0,867.0,348,776
1026,c,a,450.0,7397085,9496.0,1180.0,350,779
1027,a,c,190.0,8163847,13104.0,1658.0,275,623
1028,a,a,150.0,3686723,4733.0,547.0,350,779
1029,a,a,1590.0,4224868,5416.0,758.0,351,780
1030,a,a,36410.0,2816323,3611.0,332.0,351,780
1031,d,a,590.0,3773364,4844.0,418.0,350,779
1032,d,c,270.0,7172255,9195.0,964.0,351,780
1033,a,a,7680.0,10870270,13865.0,1299.0,353,784
1034,a,a,13750.0,5072945,6504.0,728.0,352,780
1035,a,a,27150.0,3803794,4877.0,577.0,352,780
1036,d,c,9560.0,3884252,4986.0,472.0,350,779
1037,a,c,150.0,5387026,6906.0,874.0,351,780
1038,d,a,17290.0,3668097,5897.0,513.0,274,622
1039,a,c,70.0,6307879,8203.0,1040.0,345,769
1040,a,a,4030.0,6775360,8698.0,866.0,350,779
1041,c,a,1600.0,3801487,6112.0,656.0,274,622
1042,a,a,3440.0,3218244,4131.0,547.0,350,779
1043,c,a,420.0,6858406,8793.0,1207.0,351,780
1044,c,a,240.0,5145309,6622.0,895.0,348,777
1045,a,c,26990.0,6654188,7536.0,915.0,354,883
1046,d,c,29070.0,6784716,8698.0,684.0,351,780
1047,a,a,3750.0,3791124,4885.0,526.0,348,776
1048,d,c,1860.0,5392653,6887.0,532.0,353,783
1049,a,a,370.0,2478906,3985.0,636.0,274,622
1050,d,c,13170.0,5771211,7390.0,518.0,350,781
1051,c,a,200.0,5737921,7491.0,1006.0,343,766
1052,a,c,5080.0,5662859,7269.0,756.0,350,779
1053,a,a,1710.0,7002929,8932.0,1010.0,353,784
1054,a,c,13190.0,4730838,6034.0,617.0,353,784
1055,c,a,1980.0,6197127,7915.0,990.0,352,783
1056,d,c,5350.0,2415557,3877.0,370.0,275,623
1057,d,c,3230.0,5036413,6424.0,640.0,353,784
1058,a,c,180.0,5658141,7263.0,701.0,350,779
1059,c,a,3380.0,6604849,8425.0,1154.0,353,784
1060,a,c,3430.0,5707977,7327.0,848.0,350,779
1061,d,c,8110.0,5732970,7378.0,555.0,348,777
1062,d,a,190.0,4990259,6406.0,592.0,350,779
1063,a,c,6250.0,3348689,4271.0,531.0,353,784
1064,a,c,420.0,7365896,9456.0,1068.0,350,779
1065,a,a,1290.0,2611257,4198.0,485.0,274,622
1066,a,a,3350.0,8626583,11074.0,1126.0,350,779
1067,d,c,12020.0,3580348,5756.0,490.0,274,622
1068,d,c,5010.0,3451074,4442.0,310.0,348,777
1069,a,c,18050.0,4930721,6305.0,795.0,353,782
1070,c,c,400.0,5515214,7035.0,868.0,353,784
1071,a,a,820.0,4725345,6027.0,729.0,353,784
1072,a,c,5380.0,5314269,6822.0,642.0,350,779
1073,a,c,1710.0,5668621,7277.0,918.0,350,779
1074,c,c,3330.0,4014070,5146.0,556.0,352,780
1075,a,c,1410.0,9004545,11485.0,1093.0,353,784
1076,a,c,90.0,2820000,3620.0,545.0,350,779
1077,a,a,3750.0,3497529,4490.0,496.0,350,779
1078,d,c,670.0,5289878,6808.0,524.0,348,777
1079,a,a,16680.0,6783229,8685.0,689.0,350,781
1080,a,a,2410.0,6338656,10191.0,842.0,274,622
1081,b,a,400.0,4485164,5925.0,937.0,286,757
1082,c,a,440.0,5494934,7045.0,1035.0,352,780
1083,d,c,11540.0,4019314,5146.0,361.0,350,781
1084,a,a,190.0,4904211,6271.0,808.0,351,782
1085,c,a,4030.0,5932711,7567.0,760.0,353,784
1086,a,a,180.0,5996057,7677.0,839.0,350,781
1087,d,c,2210.0,4925247,6282.0,615.0,353,784
1088,a,a,4300.0,3960984,5085.0,485.0,350,779
1089,d,a,5220.0,7915233,10161.0,1003.0,350,779
1090,a,a,330.0,5033396,6453.0,786.0,352,780
1091,a,c,9990.0,6488655,8276.0,697.0,353,784
1092,a,a,300.0,7439455,11961.0,1165.0,274,622
1093,c,c,10450.0,6504285,8339.0,869.0,352,780
1094,d,a,2380.0,2845473,4575.0,374.0,274,622
1095,a,a,690.0,3739067,4781.0,678.0,353,782
1096,a,c,1130.0,4250632,5457.0,633.0,350,779
1097,b,b,720.0,9179413,9745.0,2421.0,360,942
1098,a,a,1830.0,4102408,5259.0,709.0,352,780
1099,a,c,200.0,6914599,7743.0,980.0,354,893
1100,a,a,540.0,4167374,5419.0,669.0,346,769
1101,d,c,4060.0,7818257,9972.0,988.0,353,784
1102,a,a,850.0,4353993,7000.0,706.0,274,622
1103,d,c,1340.0,3920264,5020.0,386.0,350,781
1104,d,a,260.0,3397012,5461.0,431.0,274,622
1105,c,c,330.0,3555802,4565.0,510.0,350,779
1106,a,c,5330.0,3836971,4894.0,558.0,353,784
1107,a,a,1400.0,3882362,6232.0,669.0,275,623
1108,a,a,540.0,4482599,5747.0,590.0,352,780
1109,c,a,3490.0,3064721,4927.0,452.0,274,622
1110,c,c,900.0,3548486,4532.0,540.0,353,783
1111,a,a,1900.0,4091076,5252.0,452.0,350,779
1112,c,c,1880.0,7974294,10237.0,839.0,350,779
1113,a,c,9260.0,5196242,6628.0,717.0,353,784
1114,a,c,870.0,16202585,20667.0,3201.0,353,784
1115,d,c,5350.0,4922229,6302.0,433.0,350,781
